snapped_at,price,market_cap,total_volume
2025-04-11 00:00:00 UTC,1.0012304576836588,0.0,2532134.579985929
2025-04-12 00:00:00 UTC,1.0012304576836588,0.0,2532134.579985929
2025-04-13 00:00:00 UTC,1.0146003050996641,0.0,40350197.6248024
2025-04-14 00:00:00 UTC,1.0000562530378432,0.0,94092658.30120309
2025-04-15 00:00:00 UTC,0.9993048393063956,0.0,109228951.86382973
2025-04-16 00:00:00 UTC,0.9961841967700071,0.0,113802538.70670474
2025-04-17 00:00:00 UTC,0.9985330060575156,0.0,104831618.42413478
2025-04-18 00:00:00 UTC,1.0020415954022628,0.0,77632458.50723867
2025-04-19 00:00:00 UTC,1.001165546444416,0.0,41786883.43608234
2025-04-20 00:00:00 UTC,1.0023385333328112,0.0,11738533.727324925
2025-04-21 00:00:00 UTC,1.003031551859851,0.0,8173336.381259332
2025-04-22 00:00:00 UTC,0.9991064553620783,0.0,13603941.720634755
2025-04-23 00:00:00 UTC,0.9950449480674085,127657776.27192107,34205387.41744463
2025-04-24 00:00:00 UTC,1.0007495801785609,127962091.92964432,55307818.027660504
2025-04-25 00:00:00 UTC,1.0011878948917445,128123181.29319403,41031948.649147525
2025-04-26 00:00:00 UTC,1.0003557538613506,128016691.23609021,35034420.732139684
2025-04-27 00:00:00 UTC,0.9995912145313631,127924899.30647796,23374374.805015918
2025-04-28 00:00:00 UTC,0.9996002595535703,128026466.573221,23421798.422696725
2025-04-29 00:00:00 UTC,1.0003983581610159,727259247.2453964,26771440.51983532
2025-04-30 00:00:00 UTC,0.997983193119077,2124150963.816326,23586353.832259595
2025-05-01 00:00:00 UTC,0.9997526965800372,2127274524.0939653,28780920.58010332
2025-05-02 00:00:00 UTC,0.9990396848104499,2126437398.8837068,16317885.267321438
2025-05-03 00:00:00 UTC,1.0012248563085886,2128400465.278584,17685498.503411055
2025-05-04 00:00:00 UTC,1.000732426906705,2129538933.9878163,9159888.006512213
2025-05-05 00:00:00 UTC,1.0003956694986451,2128505698.1711216,17348056.174189694
2025-05-06 00:00:00 UTC,1.000912363433345,2129934479.4752004,25816544.039641485
2025-05-07 00:00:00 UTC,1.0008009063245502,2127821388.8163388,24595461.653795123
2025-05-08 00:00:00 UTC,0.9994646152439637,2126044373.2922332,28342795.28623838
2025-05-09 00:00:00 UTC,1.0006666412265486,2129746718.8346376,65760173.37477963
2025-05-10 00:00:00 UTC,1.002392821903076,2132318366.814342,54226714.6337307
2025-05-11 00:00:00 UTC,0.9999127160453006,2127796799.7471068,12377861.860648202
2025-05-12 00:00:00 UTC,1.0002892639997145,2128524674.8209326,24790292.70831195
2025-05-13 00:00:00 UTC,1.0036514128782124,2135411259.053522,50967372.3522601
2025-05-14 00:00:00 UTC,1.0017237753235468,2126292669.7228897,24323548.381172966
2025-05-15 00:00:00 UTC,1.00002448328674,2128051566.7117844,20411317.866715685
2025-05-16 00:00:00 UTC,1.0000316528347275,2128035752.6782136,19059225.584120195
2025-05-17 00:00:00 UTC,1.000252064885049,2128627453.8369236,11692884.056623675
2025-05-18 00:00:00 UTC,1.000500663493525,2127592546.2618608,5895597.3343284745
2025-05-19 00:00:00 UTC,0.9988273042977107,2126567383.2481756,13238120.231975166
2025-05-20 00:00:00 UTC,1.000269409251028,2128086959.721465,16597075.6983936
2025-05-21 00:00:00 UTC,0.9996471981778327,2131880936.4134693,12229701.711822068
2025-05-22 00:00:00 UTC,1.001062070341876,2137946220.730623,63751635.31255956
2025-05-23 00:00:00 UTC,1.0007518257508718,2150821998.6262207,179019808.85927325
2025-05-24 00:00:00 UTC,1.0006563844384853,2151987008.7902265,69167752.45676513
2025-05-25 00:00:00 UTC,1.0018571106389804,2154401353.684719,539818206.6218995
2025-05-26 00:00:00 UTC,0.9999793895184662,2151564130.5209827,317915046.27029353
2025-05-27 00:00:00 UTC,0.9991974089688528,2149945725.4137225,428646669.8149302
2025-05-28 00:00:00 UTC,1.0012950398896905,2154713160.143189,419556152.91532695
2025-05-29 00:00:00 UTC,1.0010133141058009,2153772156.745187,361224256.6789383
2025-05-30 00:00:00 UTC,0.999846368390409,2156594544.5181623,69664994.77226739
2025-05-31 00:00:00 UTC,0.9996800256397982,2174071353.752689,359342814.4094354
2025-06-01 00:00:00 UTC,0.9992113586478755,2174887897.3985243,298108603.7844773
2025-06-02 00:00:00 UTC,1.0006463391309468,2166014089.884384,315881168.4984792
2025-06-03 00:00:00 UTC,0.9981232964093966,2167537302.7116838,229211217.37515885
2025-06-04 00:00:00 UTC,1.0005961525486995,2181837804.0002756,215978756.53565362
2025-06-05 00:00:00 UTC,1.0004440938944625,2182867260.085879,196132560.41598085
2025-06-06 00:00:00 UTC,1.0002207566927692,2182462804.3461857,244795803.53252262
2025-06-07 00:00:00 UTC,0.9997586281479023,2180864890.291688,238855958.62420923
2025-06-08 00:00:00 UTC,0.9999646313013599,2182814003.982411,209136841.5397091
2025-06-09 00:00:00 UTC,0.9998428160552836,2181246519.901204,227445077.61344758
2025-06-10 00:00:00 UTC,1.0012328434958815,2185325728.384326,665407654.608438
2025-06-11 00:00:00 UTC,1.0005767272723711,2190556845.2689714,1020252318.9421806
2025-06-12 00:00:00 UTC,1.0004805627595172,2188355779.0049267,544812583.969451
2025-06-13 00:00:00 UTC,1.0002589188968845,2188479590.361677,403494939.7283805
2025-06-14 00:00:00 UTC,1.000981856950441,2191245157.422824,647713040.5386311
2025-06-15 00:00:00 UTC,0.9996587425251464,2188539088.943242,596040636.0009893
2025-06-16 00:00:00 UTC,1.001403255128772,2191848986.591259,692244471.0093594
2025-06-17 00:00:00 UTC,1.0027163934939753,2193187782.822266,451153537.25252706
2025-06-18 00:00:00 UTC,1.0008190613555137,2190448981.051623,531807793.6673256
2025-06-19 00:00:00 UTC,0.9995120702528585,2192886037.532187,602541045.0618529
2025-06-20 00:00:00 UTC,1.0005257433487507,2200062465.9145484,541993569.200501
2025-06-21 00:00:00 UTC,1.0006847726667083,2205605053.0986233,642622392.2054398
2025-06-22 00:00:00 UTC,0.9974538536388183,2209942305.1800065,576542307.5990517
2025-06-23 00:00:00 UTC,0.9998111972669443,2210108833.9159555,727444385.3714695
2025-06-24 00:00:00 UTC,0.9997061055822271,2207534370.4540706,948101732.6919737
2025-06-25 00:00:00 UTC,0.999823897457383,2198428092.5650716,573047155.9004513
2025-06-26 00:00:00 UTC,0.9996889158948621,2198392724.194085,705324815.2391088
2025-06-27 00:00:00 UTC,0.9998066091983142,2203816280.976005,575901238.7763683
2025-06-28 00:00:00 UTC,0.9999189897870406,2203840499.6770496,763880603.679319
2025-06-29 00:00:00 UTC,1.0007072303209568,2205259368.369349,979501585.3798987
2025-06-30 00:00:00 UTC,0.9997772922467871,2204097046.9912815,371780640.0690325
2025-07-01 00:00:00 UTC,1.0004490896908047,2207521221.36468,2853379143.157799
2025-07-02 00:00:00 UTC,0.999829479413424,2207134903.3597198,1097214505.4342873
2025-07-03 00:00:00 UTC,1.0005357690805896,2207529537.0027275,497445502.8317437
2025-07-04 00:00:00 UTC,0.9997204567672817,2206027325.9825883,689510467.5118169
2025-07-05 00:00:00 UTC,1.0000580456075148,2206714778.665302,307370174.9575379
2025-07-06 00:00:00 UTC,1.0000918678460675,2204515751.3422513,451040191.50143766
2025-07-07 00:00:00 UTC,0.9999043671495851,2203860931.048695,327084848.40737396
2025-07-08 00:00:00 UTC,1.0000425592117965,2203873567.409862,358013988.1658689
2025-07-09 00:00:00 UTC,0.9993751841295857,2203300686.988186,553169955.7990484
2025-07-10 00:00:00 UTC,0.9996353003738323,2207985122.080718,578610014.0695996
2025-07-11 00:00:00 UTC,0.9994333622495183,2208205396.0424848,405881341.1000088
2025-07-12 00:00:00 UTC,1.0000170307453278,2209009909.3920536,315916600.4543469
2025-07-13 00:00:00 UTC,1.0001268612227212,2210882285.2552724,454845014.5667069
2025-07-14 00:00:00 UTC,0.9996999865631866,2211080691.3918796,309111188.3944251
2025-07-15 00:00:00 UTC,0.9998147087610966,2209745674.1465344,278259909.4898838
2025-07-16 00:00:00 UTC,0.9998060864769571,2207383586.2670255,248791138.32902527
2025-07-17 00:00:00 UTC,1.0005692888742852,2208204354.63366,307003840.95291704
2025-07-18 00:00:00 UTC,1.00075049862859,2209562857.4136734,329427773.9764787
2025-07-19 00:00:00 UTC,1.0016623780036387,2210332840.101725,531669623.09054893
2025-07-20 00:00:00 UTC,1.0006962973690399,2208330482.199016,239601845.8381634
2025-07-21 00:00:00 UTC,1.000694723579223,2207549372.872965,416081295.93847
2025-07-22 00:00:00 UTC,1.0004770555955462,2206273767.5877295,499700278.22931075
2025-07-23 00:00:00 UTC,1.0006351663714037,2207645085.4013853,386978019.26840335
2025-07-24 00:00:00 UTC,1.0003525130203474,2206832953.6318836,377036879.1661071
2025-07-25 00:00:00 UTC,1.0000703884305773,2206773442.0369787,484804081.7821229
2025-07-26 00:00:00 UTC,1.0019805806281854,2211042089.4085374,557956428.4687719
2025-07-27 00:00:00 UTC,1.0014954609023068,2209975396.9663343,959855739.2387234
2025-07-28 00:00:00 UTC,1.0007684710985563,2209099666.0432873,540799951.8982242
2025-07-29 00:00:00 UTC,1.0012903201861012,2209445558.6330185,475668055.6023332
2025-07-30 00:00:00 UTC,0.9995883956968838,2193080706.2293925,875299170.7438608
2025-07-31 00:00:00 UTC,0.9990434323472908,2174625938.187519,452433393.25610316
2025-08-01 00:00:00 UTC,0.9990868411235931,2171948481.157935,372131435.72238487
2025-08-02 00:00:00 UTC,0.9992909923220761,2168528533.8087854,453218420.3381333
2025-08-03 00:00:00 UTC,1.000260172453634,2170974096.472794,359800341.9024197
2025-08-04 00:00:00 UTC,0.9993365985357318,2170415397.0896773,322713863.82791483
2025-08-05 00:00:00 UTC,0.9996329099181174,2169859075.7931137,423654718.2491982
2025-08-06 00:00:00 UTC,0.9997831199519699,2170202754.083216,389994509.31178796
2025-08-07 00:00:00 UTC,0.9998264194812636,2197522978.7829914,465335759.41197836
2025-08-08 00:00:00 UTC,0.9998783806158705,2197824009.0719743,478432481.6851426
2025-08-09 00:00:00 UTC,1.000091927384771,2202987648.353518,351832171.99324274
2025-08-10 00:00:00 UTC,0.9999516894745574,2204395043.630586,407208037.7662517
2025-08-11 00:00:00 UTC,1.0004786112981587,2205145124.3539157,400186547.26023066
2025-08-12 00:00:00 UTC,0.9992397154144652,2203323354.123223,483971952.86401254
2025-08-13 00:00:00 UTC,0.9997314484386617,2204407806.8880267,327326760.21970224
2025-08-14 00:00:00 UTC,1.000063131975024,2207060953.8132744,487512604.59324944
2025-08-15 00:00:00 UTC,1.0007977334261968,2211679663.9994216,453573482.2904453
2025-08-16 00:00:00 UTC,1.0007261625461092,2211395233.611473,376328085.29768574
2025-08-17 00:00:00 UTC,1.0002485053445374,2214130552.938755,297619687.1633619
2025-08-18 00:00:00 UTC,1.0001491802915894,2213231000.789317,219001285.36292845
2025-08-19 00:00:00 UTC,1.0004248913552631,2212347011.7376137,327619613.8846431
2025-08-20 00:00:00 UTC,0.9995811773066324,2214031636.296885,231722232.83453846
2025-08-21 00:00:00 UTC,1.0006619981712481,2417235391.4549704,418516815.8913481
2025-08-22 00:00:00 UTC,0.9998957510908083,2424884420.3347096,290930083.5997064
2025-08-23 00:00:00 UTC,0.999836399093931,2425271213.61517,366663375.86410433
2025-08-24 00:00:00 UTC,0.9998263822447947,2481657839.8321357,282932220.0410316
2025-08-25 00:00:00 UTC,0.9999393489860112,2481232895.034574,270641030.0886459
2025-08-26 00:00:00 UTC,0.9999409139278749,2482140802.891622,339869676.50100803
2025-08-27 00:00:00 UTC,1.0008340581503878,2484042917.5190964,330272851.46175605
2025-08-28 00:00:00 UTC,1.0000266882636835,2494634154.8470273,322505900.5643683
2025-08-29 00:00:00 UTC,1.0009451540136087,2541695381.7808895,488267173.9892264
2025-08-30 00:00:00 UTC,1.000179034819516,2458109391.407381,377504688.9602626
2025-08-31 00:00:00 UTC,1.0011593027840553,2563360126.40413,293214337.8706056
2025-09-01 00:00:00 UTC,1.0005731312859334,2626255989.0157523,584415517.1789422
2025-09-02 00:00:00 UTC,0.9990126676728557,2676709892.4271574,1500878736.723291
2025-09-03 00:00:00 UTC,0.9994309750907183,2648065274.859647,597201426.9175144
2025-09-04 00:00:00 UTC,0.9999462447403689,2647639012.63636,371281182.2920857
2025-09-05 00:00:00 UTC,0.9989599260461469,2642253461.0206985,361776057.672681
2025-09-06 00:00:00 UTC,0.9989976793831744,2623555239.526722,438823599.34180117
2025-09-07 00:00:00 UTC,0.9991129721226839,2623930543.6249385,283470196.5270738
2025-09-08 00:00:00 UTC,0.9992703295764335,2624313327.5306215,247689704.88540652
2025-09-09 00:00:00 UTC,0.9988619153301879,2616669587.6431093,358617711.65054804
2025-09-10 00:00:00 UTC,0.9991532627948191,2636017290.4670305,309902210.6119541
2025-09-11 00:00:00 UTC,0.9995778345770576,2636651098.324602,311002927.25662583
2025-09-12 00:00:00 UTC,0.9997680603561627,2637254058.3397336,289944450.6269487
2025-09-13 00:00:00 UTC,0.999731118425239,2637499680.643215,248473945.47029263
2025-09-14 00:00:00 UTC,0.999968483901619,2637693405.405621,236383474.77792925
2025-09-15 00:00:00 UTC,0.9995984452179474,2665351114.8026457,216148412.03661674
2025-09-16 00:00:00 UTC,0.9995975782182074,2665098698.5671945,281692187.72937214
2025-09-17 00:00:00 UTC,1.0000954953722174,2668667298.950253,254613022.4044568
2025-09-18 00:00:00 UTC,1.0000363566047668,2669002592.704235,287177300.78232896
2025-09-19 00:00:00 UTC,0.9999373508637581,2668284457.5748777,331311504.6546434
2025-09-20 00:00:00 UTC,1.0004116598545894,2671847597.488543,263381943.70213062
2025-09-21 00:00:00 UTC,1.0006862950765032,2659923423.6582756,330614326.7530581
2025-09-22 00:00:00 UTC,1.0006556287257342,2658222497.7514057,287568359.99083
2025-09-23 00:00:00 UTC,1.0012146945679248,2690827336.8281407,620892452.4097031
2025-09-24 00:00:00 UTC,1.000081380740982,2702617183.641411,576687108.4338241
2025-09-25 00:00:00 UTC,1.000416971754621,2703695468.9180703,373689713.0704709
2025-09-26 00:00:00 UTC,0.9993050704653645,2697383838.7517385,444168178.2774993
2025-09-27 00:00:00 UTC,0.9993959536744461,2690692433.5845723,504548793.4762918
2025-09-28 00:00:00 UTC,0.99924740909498,2691060769.0840693,243381750.38474718
2025-09-29 00:00:00 UTC,0.9995949051118707,2691648509.989991,278670805.793061
2025-09-30 00:00:00 UTC,0.9999300451591698,2687523535.9159894,1112345583.26586
2025-10-01 00:00:00 UTC,0.9992793871682888,2685730844.8478684,467253665.1046438
2025-10-02 00:00:00 UTC,0.9997816636992815,2683179336.086684,1058422716.8677964
2025-10-03 00:00:00 UTC,1.00054827304966,2684972436.8433585,342745438.3249845
2025-10-04 00:00:00 UTC,0.999786577706316,2682843710.9196773,338863220.6853097
2025-10-05 00:00:00 UTC,0.9994955220914333,2683120367.653338,230814693.2998332
2025-10-06 00:00:00 UTC,0.9996026400042713,2682081606.258584,273944627.84291387
2025-10-07 00:00:00 UTC,0.9999437503763444,2677513383.1310506,322941821.1741866
2025-10-08 00:00:00 UTC,0.9993942314400676,2648347544.133425,386141377.6485523
2025-10-09 00:00:00 UTC,0.9997959569336006,2683496719.8813386,335345037.4764454
2025-10-10 00:00:00 UTC,0.9997429507058169,2667842830.8751373,399769467.0284069
2025-10-11 00:00:00 UTC,0.9991433446129733,2650401678.2389874,876052842.06958
2025-10-12 00:00:00 UTC,1.0000484675761223,2751819022.6123977,667153171.1533021
2025-10-13 00:00:00 UTC,0.9999975283330148,2751471199.256658,459307745.6983472
2025-10-14 00:00:00 UTC,0.9996425006432301,2724590151.166436,409121583.4205606
2025-10-15 00:00:00 UTC,1.0000540460161027,2729405945.4110327,421012504.4027728
2025-10-16 00:00:00 UTC,0.9998435420028825,2729590030.532374,350706116.1465563
2025-10-17 00:00:00 UTC,0.999666735157167,2729210117.4645753,338744010.9182056
2025-10-18 00:00:00 UTC,1.0000256661937448,2730404873.0406065,409359298.1495439
2025-10-19 00:00:00 UTC,1.0001155152703627,2730498246.552928,197923803.82111028
2025-10-20 00:00:00 UTC,1.000550347682498,2731385343.745346,261029430.9304627
2025-10-21 00:00:00 UTC,0.9998152168346014,2726983217.45003,277183216.378569
2025-10-22 00:00:00 UTC,0.9997433981469959,2708335001.6785426,326161813.3716919
2025-10-23 00:00:00 UTC,0.9998067926229056,2668174901.745497,276032636.9675578
2025-10-24 00:00:00 UTC,1.0003308599043939,2672267757.8986306,264324479.96994716
2025-10-25 00:00:00 UTC,1.0001476768631399,2974341544.536877,223594635.5250073
2025-10-26 00:00:00 UTC,1.0003421300613216,2975309695.647506,171708017.98496363
2025-10-27 00:00:00 UTC,1.0003617632905109,2977920372.1611958,226303603.4283426
2025-10-28 00:00:00 UTC,1.0009513292181411,2985000670.717958,420942439.6279461
2025-10-29 00:00:00 UTC,1.0000230939182964,2985345324.6801715,410501968.8308228
2025-10-30 00:00:00 UTC,1.000180745939678,2971743239.15821,334060243.3724376
2025-10-31 00:00:00 UTC,0.9996607271732257,2980181255.38311,357219451.8234494
2025-11-01 00:00:00 UTC,0.9993312004971778,2982975661.333567,334676859.9628791
2025-11-02 00:00:00 UTC,0.9987811031004896,2981246361.1774297,281993618.79005325
2025-11-03 00:00:00 UTC,0.9992670979324241,2982932547.311603,234992290.00044632
2025-11-04 00:00:00 UTC,0.9987777383282763,2989122386.748698,454679875.87540317
2025-11-05 00:00:00 UTC,0.999247999067597,2970654677.563562,600023862.1105542
2025-11-06 00:00:00 UTC,0.9987360498148058,2962315866.999763,317119849.4081116
2025-11-07 00:00:00 UTC,0.9990661002353638,2941811588.2746606,386141380.84510845
2025-11-08 00:00:00 UTC,0.9991239068415437,2918152078.3256416,414890078.11946684
2025-11-09 00:00:00 UTC,0.9993145781479893,2911830614.3506927,311227209.5286404
2025-11-10 00:00:00 UTC,0.9994833303607098,2869665496.090014,274670093.61256695
2025-11-11 00:00:00 UTC,0.998724539205073,2848080355.309627,297203967.0131463
2025-11-12 00:00:00 UTC,0.9987761093011679,2849278453.4806676,256774837.52893874
2025-11-13 00:00:00 UTC,0.9992183891417719,2846580805.088109,296609242.8458008
2025-11-14 00:00:00 UTC,0.9989401211750786,2849220948.902731,344125353.7855001
2025-11-15 00:00:00 UTC,0.9981767788375747,2836489850.6326666,685600022.0144764
2025-11-16 00:00:00 UTC,0.9989571880365985,2806442910.0467935,417449160.9883113
2025-11-17 00:00:00 UTC,0.9989128382205994,2807048539.717476,315418170.25476134
2025-11-18 00:00:00 UTC,0.9986871219115236,2790862971.620128,432717560.1947403
2025-11-19 00:00:00 UTC,0.9990963622632565,2756060776.7866993,493960759.2034411
2025-11-20 00:00:00 UTC,0.9985446833862767,2754533708.070832,384746936.5199399
2025-11-21 00:00:00 UTC,0.9983478329028268,2719040109.0333114,429495069.5551843
2025-11-22 00:00:00 UTC,0.9991975794845452,2699792768.1638503,507143709.24456954
2025-11-23 00:00:00 UTC,0.998479351124255,2697946981.1360793,286022541.6555836
2025-11-24 00:00:00 UTC,0.9988434227370216,2692305295.030811,301310185.456539
2025-11-25 00:00:00 UTC,0.9991704238185677,2681023812.5103383,324304303.6284806
2025-11-26 00:00:00 UTC,0.9986351971298567,2696394484.7167387,304314671.38988733
2025-11-27 00:00:00 UTC,0.9990589007245331,2703312159.892548,366372030.18029827
2025-11-28 00:00:00 UTC,0.9989262943871811,2713898407.648261,341495582.43103373
2025-11-29 00:00:00 UTC,0.9993567075365187,2717064138.2988095,362023946.78031
2025-11-30 00:00:00 UTC,0.999488536630593,2717338002.180221,212712503.04737955
2025-12-01 00:00:00 UTC,0.9992567089078659,2716701912.14132,235385904.4332338
2025-12-02 00:00:00 UTC,0.9994261514793722,2711401151.535624,428976062.1564078
2025-12-03 00:00:00 UTC,0.9995135734258607,2714029091.3877134,324219950.92240703
2025-12-04 00:00:00 UTC,0.9995308770202774,2714897773.237415,361475054.4607082
2025-12-05 00:00:00 UTC,0.9990780275601965,2722121055.0377746,292286917.4232584
2025-12-06 00:00:00 UTC,0.9991302442374599,2725117844.8988476,295263941.9954925
2025-12-07 00:00:00 UTC,0.999065915342129,2725025478.643628,215213549.63932073
2025-12-08 00:00:00 UTC,0.9990892945673133,2725480626.97679,198946030.59021217
2025-12-09 00:00:00 UTC,0.9989469604691114,2725046538.3439255,286884978.0358401
2025-12-10 00:00:00 UTC,0.9989460634508478,2728408457.270708,312395525.8158739
2025-12-11 00:00:00 UTC,0.9990874916008503,2738634594.127895,388002364.0885499
2025-12-12 00:00:00 UTC,0.9990952322752998,2739555065.87491,438056321.543596
2025-12-13 00:00:00 UTC,0.999130066036168,2742866095.073801,343106533.0629426
2025-12-14 00:00:00 UTC,0.9992287014126351,2743125994.748294,212475915.8966211
2025-12-15 00:00:00 UTC,0.9993226613981163,2743543625.082788,243465868.66441017
2025-12-16 00:00:00 UTC,0.9992381135014838,2745137544.7913394,858111236.7562914
2025-12-17 00:00:00 UTC,0.9990742354039452,2745237890.064296,385288085.32867384
2025-12-18 00:00:00 UTC,0.9990734576240154,2746712663.938485,417642351.4593661
2025-12-19 00:00:00 UTC,0.9991771237704369,2745586592.981205,461662148.5772352
2025-12-20 00:00:00 UTC,0.9991462507827207,2748821784.5898714,713970786.6384809
2025-12-21 00:00:00 UTC,0.9989991482326803,2742874747.4809494,217268286.31705064
2025-12-22 00:00:00 UTC,0.9990679594550969,2742955081.322561,251182859.42148703
2025-12-23 00:00:00 UTC,0.9988504041247603,2741916185.914302,365584416.5747405
2025-12-24 00:00:00 UTC,0.9987522142289779,2752887269.7975893,367769777.1224841
2025-12-25 00:00:00 UTC,1.0001815898805662,2960752043.161563,2778497108.6388564
2025-12-26 00:00:00 UTC,1.0010247650118802,3105697854.4761534,986404053.6882304
2025-12-27 00:00:00 UTC,1.0003169897241169,3171707829.6612463,1267433725.4317944
2025-12-28 00:00:00 UTC,1.0003915075592593,3204058666.2894287,631389289.4341558
2025-12-29 00:00:00 UTC,1.000070225713319,3248604109.3922343,617050630.1968421
2025-12-30 00:00:00 UTC,1.0001026607808736,3299823182.3457975,983605085.479109
2025-12-31 00:00:00 UTC,0.9995949971703919,3312892736.2142262,1380086722.1730404
2026-01-01 00:00:00 UTC,0.9997290020792491,3313967331.0577493,2281990732.295141
2026-01-02 00:00:00 UTC,0.9997639459588639,3314080089.8458285,683427412.1038313
2026-01-03 00:00:00 UTC,1.0003189639739956,3320673569.2292852,1251853262.1047006
2026-01-04 00:00:00 UTC,1.0006248057744007,3335222328.4816604,672640695.7951969
2026-01-05 00:00:00 UTC,1.0005125697207977,3342197707.4089313,655945316.7365857
2026-01-06 00:00:00 UTC,1.0004675488104362,3363470548.8533173,1358793693.8214695
2026-01-07 00:00:00 UTC,1.0000995697482606,3389656637.6335835,2974457799.409482
2026-01-08 00:00:00 UTC,0.9993668304688136,3414413482.933971,3506520694.8490996
2026-01-09 00:00:00 UTC,0.9995683083356964,3424364077.8480988,1149455644.3563251
2026-01-10 00:00:00 UTC,0.9995577165094803,3431843735.583636,829836053.5395043
2026-01-11 00:00:00 UTC,0.999769358239825,3433150236.3583155,443102478.24032223
2026-01-12 00:00:00 UTC,0.9996070042519459,3432966720.750042,509091827.0855333
2026-01-13 00:00:00 UTC,0.9992057133906896,3441079260.5999594,956669461.4401577
2026-01-14 00:00:00 UTC,0.9995492299679599,3456285110.339393,1727146941.237471
2026-01-15 00:00:00 UTC,0.9996761574951579,3466679007.4690676,1257255047.377565
2026-01-16 00:00:00 UTC,0.9989951033977011,3460489855.395162,1186067449.6272678
2026-01-17 00:00:00 UTC,0.9990731513118206,3457633725.881544,1001791153.8771642
2026-01-18 00:00:00 UTC,0.9988076360269122,3440220688.761467,725225691.3917342
2026-01-19 00:00:00 UTC,0.9987407568649579,3439706380.9219112,974587998.3021024
2026-01-20 00:00:00 UTC,0.9988492592388536,3397808399.602812,1654506942.1047275
2026-01-21 00:00:00 UTC,0.9984834727669452,3333730987.8236823,2406748201.5935044
2026-01-22 00:00:00 UTC,0.9991993237859316,3256931080.0609183,3740640510.683824
2026-01-23 00:00:00 UTC,0.9988010988298914,3157138148.643558,1373028371.4703276
2026-01-24 00:00:00 UTC,1.000609453666594,4219907114.588277,6964716676.969851
2026-01-25 00:00:00 UTC,0.9997943583383885,4715585936.009612,2164426767.4390116
2026-01-26 00:00:00 UTC,0.9993908499603691,4924526695.618732,1936672979.6603243
2026-01-27 00:00:00 UTC,0.9994141903143914,4953472934.08586,1969374634.6491163
2026-01-28 00:00:00 UTC,0.9996269491023413,4965448111.644653,1088075456.8996763
2026-01-29 00:00:00 UTC,0.9994058239995168,5049650730.745632,1559977556.5589616
2026-01-30 00:00:00 UTC,0.999464252080299,5063922441.544326,2208002802.811053
2026-01-31 00:00:00 UTC,0.9993406098889157,5058125037.139209,2295067812.2635326
2026-02-01 00:00:00 UTC,0.9984018711035163,5058629611.4730835,2538579354.2759137
2026-02-02 00:00:00 UTC,0.9991314798637371,5004674932.322496,2176059277.643793
2026-02-03 00:00:00 UTC,1.0002262710173808,5001762220.988638,3021731893.8390303
2026-02-04 00:00:00 UTC,0.9998468135913083,5129678908.673926,2588762478.284657
2026-02-05 00:00:00 UTC,0.9994912040119288,5149267903.824288,2786343008.8200603
2026-02-06 00:00:00 UTC,1.000014689494138,5165439561.065183,4292820560.8750515
2026-02-07 00:00:00 UTC,1.0001753012685828,5200650629.161193,4377808388.755712
2026-02-08 00:00:00 UTC,1.0005902408269671,5299132566.079152,2053294079.825585
2026-02-09 00:00:00 UTC,1.0007372374507324,5337412799.138402,1409477126.2147508
2026-02-10 00:00:00 UTC,0.9998204192575837,5378596043.666546,1951031845.3099756
2026-02-11 00:00:00 UTC,0.9996158668910429,5382514743.005261,1796226563.0511189
2026-02-12 00:00:00 UTC,0.9998143794557677,5378637624.84267,2264304749.7112074
2026-02-13 00:00:00 UTC,0.9992845299683886,5335000041.893538,1760975248.2924273
2026-02-14 00:00:00 UTC,0.9992755525848933,5294702659.932986,1765704947.782953
2026-02-15 00:00:00 UTC,0.999387529602645,5289160198.336178,1201423338.2410655
2026-02-16 00:00:00 UTC,0.9994828643494325,5289775156.614842,1769301084.6271005
2026-02-17 00:00:00 UTC,0.9990471882521943,5230785530.842961,1622929405.3831098
2026-02-18 00:00:00 UTC,0.9996335666941851,5142941230.889917,2724267470.3042054
2026-02-19 00:00:00 UTC,0.9997791181421049,5139364319.387677,1634356274.3318608
2026-02-20 00:00:00 UTC,0.9995196315951309,5106117407.336967,1787762347.7316833
2026-02-21 00:00:00 UTC,0.9990979353552475,5038428757.085354,1999930434.8639195
2026-02-22 00:00:00 UTC,0.9991881925521972,5030352252.914072,1435545425.008652
2026-02-23 00:00:00 UTC,0.9988059355427671,5030075770.21838,1171982132.021603
2026-02-24 00:00:00 UTC,0.9990815716659653,4767290429.752947,4855123852.0243025
2026-02-25 00:00:00 UTC,1.0000885885206698,4675131056.619437,2688291154.6535673
2026-02-26 00:00:00 UTC,0.9989602309343406,4705187139.910277,3788939657.7431817
2026-02-27 00:00:00 UTC,1.000063937653645,4711336659.076878,4158791493.583718
2026-02-28 00:00:00 UTC,1.0001875817307235,4715148288.303293,1927298288.6914847
2026-03-01 00:00:00 UTC,0.9993502273354709,4711089018.139444,1783091208.9830217
2026-03-02 00:00:00 UTC,0.999397050870214,4684320291.394912,1481120998.4219844
2026-03-03 00:00:00 UTC,1.0001144090292562,4655538537.527985,2474796198.7228355
2026-03-04 00:00:00 UTC,0.9994587632577612,4636229788.247666,2528551222.345692
2026-03-05 00:00:00 UTC,0.9996042249363314,4623021099.543182,2724603275.151137
2026-03-06 00:00:00 UTC,0.9995378146217705,4609001927.5104265,2067410295.9746141
2026-03-07 00:00:00 UTC,0.9997827225718492,4603994104.100866,1845204439.1357467
2026-03-08 00:00:00 UTC,0.999818209930711,4601949333.042085,743265369.2980477
2026-03-09 00:00:00 UTC,1.0002666223880887,4603968660.140616,1076978070.678095
2026-03-10 00:00:00 UTC,0.9997290572791226,4603230370.981559,1554459281.8911846
2026-03-11 00:00:00 UTC,0.9997399789396721,4608070505.188688,1531691953.3241117
